batch_pos_mean,epoch,lr,lr_per_step,step,test_loss,test_loss_y,train_loss,train_loss_pos,train_loss_y,train_per_step,train_pos_per_step,train_y_per_step,val_loss,val_loss_y
-0.032018646597862244,,,1.9999999949504854e-06,49.0,,,,,,2.2554268836975098,0.14264805614948273,2.241162061691284,,
-0.09760884940624237,,,3.999999989900971e-06,99.0,,,,,,1.2644821405410767,0.14485503733158112,1.2499966621398926,,
-0.105447918176651,,,6.000000212225132e-06,149.0,,,,,,0.7831650972366333,0.13127152621746063,0.7700380086898804,,
-0.03256763517856598,,,7.999999979801942e-06,199.0,,,,,,0.6644221544265747,0.11879600584506989,0.6525425314903259,,
-0.15221387147903442,,,9.999999747378752e-06,249.0,,,,,,0.5454747676849365,0.10998937487602234,0.5344758033752441,,
-0.024736203253269196,,,1.2000000424450263e-05,299.0,,,,,,0.47881239652633667,0.09881886839866638,0.46893051266670227,,
-0.041192781180143356,,,1.4000000192027073e-05,349.0,,,,,,0.42240142822265625,0.08951182663440704,0.4134502410888672,,
-0.031050637364387512,,,1.5999999959603883e-05,399.0,,,,,,0.3860056400299072,0.08590573817491531,0.3774150609970093,,
,0.0,1.720000000204891e-05,,429,0.36420902609825134,0.36420902609825134,0.9920670986175537,0.1172315925359726,0.9803439378738403,,,,0.3661755323410034,0.3661755323410034
0.0009854398667812347,,,1.8000000636675395e-05,449.0,,,,,,0.34800028800964355,0.08612708747386932,0.33938759565353394,,
-0.13887372612953186,,,1.9999999494757503e-05,499.0,,,,,,0.32676029205322266,0.08549150079488754,0.3182111382484436,,
-0.029764018952846527,,,2.2000000171829015e-05,549.0,,,,,,0.3154991865158081,0.08315902948379517,0.30718326568603516,,
-0.0430193655192852,,,2.4000000848900527e-05,599.0,,,,,,0.29774707555770874,0.08312004804611206,0.28943508863449097,,
-0.09277046471834183,,,2.5999999706982635e-05,649.0,,,,,,0.2673165500164032,0.08433816581964493,0.2588827311992645,,
0.026440724730491638,,,2.8000000384054147e-05,699.0,,,,,,0.2747191786766052,0.08500970155000687,0.2662182152271271,,
-0.012741552665829659,,,2.9999999242136255e-05,749.0,,,,,,0.2478572130203247,0.08336468040943146,0.23952074348926544,,
-0.03438291326165199,,,3.199999991920777e-05,799.0,,,,,,0.22968292236328125,0.08400140702724457,0.22128278017044067,,
-0.10385708510875702,,,3.400000059627928e-05,849.0,,,,,,0.242718905210495,0.08391978591680527,0.23432692885398865,,
,1.0,3.440000000409782e-05,,859,0.21853257715702057,0.21853257715702057,0.28543949127197266,0.0844106674194336,0.27699846029281616,,,,0.21712157130241394,0.21712157130241394
-0.1434415876865387,,,3.600000127335079e-05,899.0,,,,,,0.2026069164276123,0.08143217861652374,0.19446370005607605,,
0.003367801196873188,,,3.7999998312443495e-05,949.0,,,,,,0.20490360260009766,0.0823618546128273,0.1966674029827118,,
-0.06390264630317688,,,3.9999998989515007e-05,999.0,,,,,,0.19430986046791077,0.08215099573135376,0.1860947608947754,,
-0.11056067049503326,,,4.199999966658652e-05,1049.0,,,,,,0.1899174600839615,0.08376815915107727,0.18154063820838928,,
-0.09609131515026093,,,4.400000034365803e-05,1099.0,,,,,,0.19142860174179077,0.08179689943790436,0.18324890732765198,,
-0.116131991147995,,,4.600000102072954e-05,1149.0,,,,,,0.18146364390850067,0.0819113552570343,0.173272505402565,,
-0.06088918820023537,,,4.8000001697801054e-05,1199.0,,,,,,0.17632603645324707,0.08118176460266113,0.16820785403251648,,
-0.005653965286910534,,,4.999999873689376e-05,1249.0,,,,,,0.18241268396377563,0.08364637196063995,0.1740480661392212,,
,2.0,5.159999636816792e-05,,1289,0.17523470520973206,0.17523470520973206,0.19514989852905273,0.08258940279483795,0.18689095973968506,,,,0.1732485145330429,0.1732485145330429
-0.06288367509841919,,,5.199999941396527e-05,1299.0,,,,,,0.1827242374420166,0.08303812146186829,0.17442043125629425,,
-0.033953577280044556,,,5.400000009103678e-05,1349.0,,,,,,0.17959299683570862,0.08301869034767151,0.17129114270210266,,
-0.05495131388306618,,,5.6000000768108293e-05,1399.0,,,,,,0.16626593470573425,0.08264404535293579,0.15800152719020844,,
-0.05125461146235466,,,5.8000001445179805e-05,1449.0,,,,,,0.16041338443756104,0.08167421817779541,0.15224596858024597,,
-0.041331809014081955,,,5.999999848427251e-05,1499.0,,,,,,0.15015780925750732,0.08129455149173737,0.14202836155891418,,
-0.054550651460886,,,6.199999916134402e-05,1549.0,,,,,,0.15617696940898895,0.0796920508146286,0.14820776879787445,,
-0.03203323110938072,,,6.399999983841553e-05,1599.0,,,,,,0.1556985080242157,0.07960255444049835,0.1477382630109787,,
-0.08587605506181717,,,6.600000051548705e-05,1649.0,,,,,,0.15414318442344666,0.08090104162693024,0.14605307579040527,,
0.01841200701892376,,,6.800000119255856e-05,1699.0,,,,,,0.14003992080688477,0.08072271943092346,0.13196764886379242,,
,3.0,6.879999273223802e-05,,1719,0.15097422897815704,0.15097422897815704,0.15730257332324982,0.08087575435638428,0.14921501278877258,,,,0.1509222686290741,0.1509222686290741
-0.046649910509586334,,,7.000000186963007e-05,1749.0,,,,,,0.13480353355407715,0.0797167718410492,0.12683185935020447,,
-0.027356745675206184,,,7.200000254670158e-05,1799.0,,,,,,0.1461978256702423,0.07814358174800873,0.13838346302509308,,
-0.0790802463889122,,,7.400000322377309e-05,1849.0,,,,,,0.12657825648784637,0.08096705377101898,0.11848156154155731,,
-0.0584295429289341,,,7.599999662488699e-05,1899.0,,,,,,0.12775981426239014,0.07936892658472061,0.1198229119181633,,
-0.017359573394060135,,,7.79999973019585e-05,1949.0,,,,,,0.12999814748764038,0.07878459990024567,0.12211969494819641,,
-0.014800971373915672,,,7.999999797903001e-05,1999.0,,,,,,0.12445633858442307,0.07886013388633728,0.11657032370567322,,
-0.05139584466814995,,,8.199999865610152e-05,2049.0,,,,,,0.1311575174331665,0.07860967516899109,0.12329654395580292,,
-0.15961958467960358,,,8.399999933317304e-05,2099.0,,,,,,0.1275596022605896,0.07749615609645844,0.11980998516082764,,
-0.1434108465909958,,,8.600000001024455e-05,2149.0,,,,,,0.12772110104560852,0.07851563394069672,0.11986953020095825,,
,4.0,8.599999273428693e-05,,2149,0.11322002112865448,0.11322002112865448,0.13488084077835083,0.07938390225172043,0.126942440867424,,,,0.11212347447872162,0.11212347447872162
0.05036717280745506,,,8.800000068731606e-05,2199.0,,,,,,0.10865175724029541,0.0793004035949707,0.10072171688079834,,
-0.09873319417238235,,,9.000000136438757e-05,2249.0,,,,,,0.1691945493221283,0.0790228620171547,0.16129225492477417,,
-0.07163123041391373,,,9.200000204145908e-05,2299.0,,,,,,0.14277200400829315,0.0792512446641922,0.13484688103199005,,
-0.0014447104185819626,,,9.40000027185306e-05,2349.0,,,,,,0.11881020665168762,0.07811901718378067,0.11099830269813538,,
-0.13942566514015198,,,9.600000339560211e-05,2399.0,,,,,,0.11173269152641296,0.07891944795846939,0.10384074598550797,,
-0.10799267888069153,,,9.7999996796716e-05,2449.0,,,,,,0.1288471221923828,0.07939009368419647,0.12090811133384705,,
-0.05423484742641449,,,9.999999747378752e-05,2499.0,,,,,,0.12669038772583008,0.07769344747066498,0.11892104148864746,,
-0.06659258157014847,,,0.00010199999815085903,2549.0,,,,,,0.1349717229604721,0.07819479703903198,0.1271522492170334,,
,5.0,0.00010319998546037823,,2579,0.10833130776882172,0.10833130776882172,0.12340347468852997,0.07844585180282593,0.11555889248847961,,,,0.10797946155071259,0.10797946155071259
-0.07553102821111679,,,0.00010399999882793054,2599.0,,,,,,0.10291970521211624,0.0791008323431015,0.09500962495803833,,
-0.025677725672721863,,,0.00010599999950500205,2649.0,,,,,,0.12110002338886261,0.07883287221193314,0.11321673542261124,,
-0.022276878356933594,,,0.00010800000018207356,2699.0,,,,,,0.10125003010034561,0.07626427710056305,0.09362360090017319,,
-0.08904019743204117,,,0.00011000000085914508,2749.0,,,,,,0.1247183308005333,0.07755950838327408,0.11696238070726395,,
0.023458130657672882,,,0.00011200000153621659,2799.0,,,,,,0.10686516761779785,0.07682864367961884,0.09918230772018433,,
-0.003547173459082842,,,0.0001140000022132881,2849.0,,,,,,0.0924251526594162,0.07827123254537582,0.08459802716970444,,
-0.17450670897960663,,,0.00011600000289035961,2899.0,,,,,,0.10102647542953491,0.07612963020801544,0.09341350942850113,,
-0.06279897689819336,,,0.00011800000356743112,2949.0,,,,,,0.08938014507293701,0.07751813530921936,0.08162833750247955,,
-0.07568950206041336,,,0.00011999999696854502,2999.0,,,,,,0.09920535981655121,0.07763731479644775,0.09144163131713867,,
,6.0,0.00012039997818646953,,3009,0.09347569197416306,0.09347569197416306,0.11163052916526794,0.07769708335399628,0.10386081784963608,,,,0.09372448921203613,0.09372448921203613
-0.018930181860923767,,,0.00012199999764561653,3049.0,,,,,,0.09559375047683716,0.07854427397251129,0.08773931860923767,,
-0.10594752430915833,,,0.00012399999832268804,3099.0,,,,,,0.10475503653287888,0.07684063911437988,0.09707097709178925,,
-0.062118642032146454,,,0.00012599999899975955,3149.0,,,,,,0.08339129388332367,0.0766587182879448,0.07572542130947113,,
-0.06573702394962311,,,0.00012799999967683107,3199.0,,,,,,0.09091605991125107,0.07703105360269547,0.0832129567861557,,
-0.021429773420095444,,,0.00013000000035390258,3249.0,,,,,,0.09750679135322571,0.07799619436264038,0.08970717340707779,,
-0.14018183946609497,,,0.0001320000010309741,3299.0,,,,,,0.14178568124771118,0.076896071434021,0.13409607112407684,,
-0.0404762402176857,,,0.0001340000017080456,3349.0,,,,,,0.11561156809329987,0.07785256206989288,0.10782631486654282,,
-0.0427737794816494,,,0.00013600000238511711,3399.0,,,,,,0.08713871240615845,0.07696438580751419,0.07944227755069733,,
,7.0,0.00013759997091256082,,3439,0.09177543222904205,0.09177543222904205,0.10100950300693512,0.0770527794957161,0.09330422431230545,,,,0.09176863729953766,0.09176863729953766
-0.15700533986091614,,,0.00013800000306218863,3449.0,,,,,,0.08353076875209808,0.07663281261920929,0.07586748898029327,,
-0.060120683163404465,,,0.00014000000373926014,3499.0,,,,,,0.09453816711902618,0.07670764625072479,0.08686739951372147,,
-0.07697365432977676,,,0.00014200000441633165,3549.0,,,,,,0.09615149348974228,0.07572481036186218,0.08857901394367218,,
-0.023939747363328934,,,0.00014400000509340316,3599.0,,,,,,0.09355346858501434,0.07666167616844177,0.08588730543851852,,
-0.12592075765132904,,,0.00014600000577047467,3649.0,,,,,,0.09564253687858582,0.07694658637046814,0.08794787526130676,,
-0.03849420323967934,,,0.00014800000644754618,3699.0,,,,,,0.099118672311306,0.07716299593448639,0.09140236675739288,,
-0.08763706684112549,,,0.0001500000071246177,3749.0,,,,,,0.08139456808567047,0.07623825967311859,0.07377073913812637,,
0.02626613900065422,,,0.00015199999324977398,3799.0,,,,,,0.09699787199497223,0.0771653801202774,0.08928133547306061,,
-0.08327335864305496,,,0.0001539999939268455,3849.0,,,,,,0.14960499107837677,0.07614937424659729,0.141990065574646,,
,8.0,0.00015479997091460973,,3869,0.10267342627048492,0.10267342627048492,0.09368325769901276,0.07663191854953766,0.08602006733417511,,,,0.10341156274080276,0.10341156274080276
0.01836290955543518,,,0.000155999994603917,3899.0,,,,,,0.08032878488302231,0.07622271776199341,0.07270651310682297,,
-0.001581035554409027,,,0.00015799999528098851,3949.0,,,,,,0.08189307153224945,0.07689172774553299,0.07420389354228973,,
-0.009629330597817898,,,0.00015999999595806003,3999.0,,,,,,0.08207882940769196,0.07769420742988586,0.07430940866470337,,
-0.06561391800642014,,,0.00016199999663513154,4049.0,,,,,,0.0831414982676506,0.07636217772960663,0.07550527900457382,,
-0.07157688587903976,,,0.00016399999731220305,4099.0,,,,,,0.07517065107822418,0.07675182819366455,0.06749546527862549,,
-0.05176432058215141,,,0.00016599999798927456,4149.0,,,,,,0.08434067666530609,0.07613018155097961,0.07672765851020813,,
-0.09197203814983368,,,0.00016799999866634607,4199.0,,,,,,0.08111367374658585,0.07616930454969406,0.0734967440366745,,
-0.0513429194688797,,,0.00016999999934341758,4249.0,,,,,,0.08337946981191635,0.07609190046787262,0.07577028125524521,,
-0.13882863521575928,,,0.0001720000000204891,4299.0,,,,,,0.07981720566749573,0.07423879206180573,0.07239332795143127,,
,9.0,0.0001719999563647434,,4299,0.0917854905128479,0.0917854905128479,0.08237706869840622,0.07622335106134415,0.0747547373175621,,,,0.09243910014629364,0.09243910014629364
-0.07888875901699066,,,0.0001740000006975606,4349.0,,,,,,0.0862567275762558,0.07605957984924316,0.07865076512098312,,
-0.09217996895313263,,,0.00017600000137463212,4399.0,,,,,,0.11393566429615021,0.07492255419492722,0.10644341260194778,,
-0.03958708792924881,,,0.00017800000205170363,4449.0,,,,,,0.08952037990093231,0.07769434154033661,0.08175094425678253,,
-0.028814641758799553,,,0.00018000000272877514,4499.0,,,,,,0.08420294523239136,0.07622924447059631,0.07658001780509949,,
-0.02537541277706623,,,0.00018200000340584666,4549.0,,,,,,0.07559280097484589,0.07634798437356949,0.06795800477266312,,
-0.06854248046875,,,0.00018400000408291817,4599.0,,,,,,0.07633048295974731,0.07581959664821625,0.06874851882457733,,
0.020999906584620476,,,0.00018600000475998968,4649.0,,,,,,0.07922019064426422,0.07717815041542053,0.07150238007307053,,
-0.10918017476797104,,,0.0001880000054370612,4699.0,,,,,,0.07785644382238388,0.0767669528722763,0.07017974555492401,,
,10.0,0.00018919995636679232,,4729,0.07050588726997375,0.07050588726997375,0.084467813372612,0.07614372670650482,0.0768534317612648,,,,0.07071995735168457,0.07071995735168457
-0.1092650294303894,,,0.0001900000061141327,4749.0,,,,,,0.0802522599697113,0.0768275260925293,0.07256951183080673,,
-0.06887993216514587,,,0.00019200000679120421,4799.0,,,,,,0.07544849812984467,0.0759979635477066,0.06784869730472565,,
-0.04681040719151497,,,0.0001939999929163605,4849.0,,,,,,0.07425219565629959,0.07681407034397125,0.06657078862190247,,
-0.0007121562957763672,,,0.000195999993593432,4899.0,,,,,,0.0699939876794815,0.07487371563911438,0.06250662356615067,,
-0.07454103231430054,,,0.00019799999427050352,4949.0,,,,,,0.07006130367517471,0.07515773177146912,0.0625455304980278,,
-0.03925243020057678,,,0.00019999999494757503,4999.0,,,,,,0.07496777176856995,0.07674887776374817,0.06729288399219513,,
-0.04721829295158386,,,0.00020199999562464654,5049.0,,,,,,0.07631829380989075,0.07645352184772491,0.06867294013500214,,
-0.037765078246593475,,,0.00020399999630171806,5099.0,,,,,,0.07381214201450348,0.074599988758564,0.06635214388370514,,
-0.044463757425546646,,,0.00020599999697878957,5149.0,,,,,,0.07099269330501556,0.07552368938922882,0.06344033032655716,,
,11.0,0.000206399941816926,,5159,0.07382257282733917,0.07382257282733917,0.07534762471914291,0.07584847509860992,0.06776277720928192,,,,0.07406116276979446,0.07406116276979446
-0.12429866194725037,,,0.00020799999765586108,5199.0,,,,,,0.07172693312168121,0.07543870806694031,0.0641830563545227,,
-0.06548125296831131,,,0.0002099999983329326,5249.0,,,,,,0.07353076338768005,0.07565903663635254,0.06596485525369644,,
-0.10229070484638214,,,0.0002119999990100041,5299.0,,,,,,0.08032478392124176,0.07452036440372467,0.07287274301052094,,
0.10188353061676025,,,0.00021399999968707561,5349.0,,,,,,0.08551008999347687,0.07637682557106018,0.07787241041660309,,
-0.12690162658691406,,,0.00021600000036414713,5399.0,,,,,,0.08717812597751617,0.07357604056596756,0.07982052117586136,,
-0.0881340280175209,,,0.00021800000104121864,5449.0,,,,,,0.06737755984067917,0.0747632160782814,0.05990123748779297,,
-0.055097103118896484,,,0.00022000000171829015,5499.0,,,,,,0.06921573728322983,0.07646289467811584,0.061569444835186005,,
-0.07648894190788269,,,0.00022200000239536166,5549.0,,,,,,0.06641006469726562,0.07748261094093323,0.058661799877882004,,
,12.0,0.00022359992726705968,,5589,0.11709196865558624,0.11709196865558624,0.07442586123943329,0.0757065862417221,0.06685519963502884,,,,0.11675100028514862,0.11675100028514862
-0.056341614574193954,,,0.00022400000307243317,5599.0,,,,,,0.08842653036117554,0.07698318362236023,0.08072821795940399,,
-0.06346035748720169,,,0.00022600000374950469,5649.0,,,,,,0.0663834884762764,0.07645466178655624,0.05873802304267883,,
-0.12531639635562897,,,0.0002280000044265762,5699.0,,,,,,0.06252347677946091,0.07535358518362045,0.05498811975121498,,
-0.049472175538539886,,,0.0002300000051036477,5749.0,,,,,,0.06421349942684174,0.07719966024160385,0.05649353191256523,,
-0.031682610511779785,,,0.00023200000578071922,5799.0,,,,,,0.12043631076812744,0.07530796527862549,0.11290551722049713,,
-0.012169393710792065,,,0.00023400000645779073,5849.0,,,,,,0.09217216074466705,0.07637526094913483,0.08453463017940521,,
-0.03806741163134575,,,0.00023600000713486224,5899.0,,,,,,0.06403784453868866,0.07576362788677216,0.056461483240127563,,
-0.042089834809303284,,,0.00023799999326001853,5949.0,,,,,,0.06256866455078125,0.07673261314630508,0.05489540100097656,,
-0.0616600327193737,,,0.00023999999393709004,5999.0,,,,,,0.07230253517627716,0.07670073211193085,0.06463246047496796,,
,13.0,0.0002407999272691086,,6019,0.059723176062107086,0.059723176062107086,0.07582627236843109,0.0759507566690445,0.06823120266199112,,,,0.059663403779268265,0.059663403779268265
-0.015757828950881958,,,0.00024199999461416155,6049.0,,,,,,0.05981265380978584,0.07451961934566498,0.052360691130161285,,
-0.03163816034793854,,,0.00024399999529123306,6099.0,,,,,,0.061538249254226685,0.07548768818378448,0.053989481180906296,,
0.03287189081311226,,,0.0002460000105202198,6149.0,,,,,,0.06035420298576355,0.07628177851438522,0.05272602662444115,,
-0.056963179260492325,,,0.0002479999966453761,6199.0,,,,,,0.06138467788696289,0.07521925866603851,0.05386275053024292,,
-0.03665430098772049,,,0.0002500000118743628,6249.0,,,,,,0.07092669606208801,0.07575865834951401,0.06335082650184631,,
-0.11659978330135345,,,0.0002519999979995191,6299.0,,,,,,0.06136063486337662,0.07319153845310211,0.05404147878289223,,
-0.09615549445152283,,,0.00025400001322850585,6349.0,,,,,,0.055038850754499435,0.075553297996521,0.04748351871967316,,
-0.08512602001428604,,,0.00025599999935366213,6399.0,,,,,,0.07059136033058167,0.07512526214122772,0.06307882815599442,,
-0.01573014259338379,,,0.0002579999854788184,6449.0,,,,,,0.06984736025333405,0.07357607781887054,0.06248975172638893,,
,14.0,0.00025799989816732705,,6449,0.06926995515823364,0.06926995515823364,0.06605084240436554,0.07565893977880478,0.05848494544625282,,,,0.06996104121208191,0.06996104121208191
-0.08831693977117538,,,0.00026000000070780516,6499.0,,,,,,0.0543508306145668,0.07456576824188232,0.04689425230026245,,
-0.03909916430711746,,,0.00026199998683296144,6549.0,,,,,,0.06470295041799545,0.07497664541006088,0.057205285876989365,,
0.009193803183734417,,,0.0002640000020619482,6599.0,,,,,,0.06618717312812805,0.07568706572055817,0.05861847102642059,,
-0.08440517634153366,,,0.00026599998818710446,6649.0,,,,,,0.08022049069404602,0.07591459155082703,0.07262903451919556,,
-0.002391987945884466,,,0.0002680000034160912,6699.0,,,,,,0.060594066977500916,0.07604284584522247,0.05298978090286255,,
-0.04606538638472557,,,0.0002699999895412475,6749.0,,,,,,0.06075800210237503,0.07494746148586273,0.05326325446367264,,
-0.04597571864724159,,,0.00027200000477023423,6799.0,,,,,,0.06198000907897949,0.07473883032798767,0.054506126791238785,,
-0.059748828411102295,,,0.0002739999908953905,6849.0,,,,,,0.07410752028226852,0.07448754459619522,0.06665876507759094,,
,15.0,0.00027519988361746073,,6879,0.05674758180975914,0.05674758180975914,0.06469423323869705,0.07552706450223923,0.05714152753353119,,,,0.05614645034074783,0.05614645034074783
-0.09194885194301605,,,0.00027600000612437725,6899.0,,,,,,0.05357835441827774,0.07473375648260117,0.046104975044727325,,
-0.05660781264305115,,,0.00027799999224953353,6949.0,,,,,,0.04984660446643829,0.07503984123468399,0.042342621833086014,,
-0.011547625064849854,,,0.0002800000074785203,6999.0,,,,,,0.07052689790725708,0.07582896947860718,0.06294400244951248,,
-0.016703885048627853,,,0.00028199999360367656,7049.0,,,,,,0.06323647499084473,0.07637480646371841,0.055598996579647064,,
-0.05747313052415848,,,0.0002840000088326633,7099.0,,,,,,0.06870066374540329,0.07613390684127808,0.06108727306127548,,
-0.043164558708667755,,,0.0002859999949578196,7149.0,,,,,,0.062360912561416626,0.07609264552593231,0.054751649498939514,,
-0.0459616482257843,,,0.0002880000101868063,7199.0,,,,,,0.0656137615442276,0.07399646937847137,0.05821411684155464,,
-0.08160185813903809,,,0.0002899999963119626,7249.0,,,,,,0.062114231288433075,0.07545198500156403,0.05456903576850891,,
0.0017444081604480743,,,0.00029200001154094934,7299.0,,,,,,0.05233272910118103,0.07441390305757523,0.04489133507013321,,
,16.0,0.0002923998690675944,,7309,0.055940113961696625,0.055940113961696625,0.061999984085559845,0.0753614604473114,0.054463841021060944,,,,0.055458806455135345,0.055458806455135345
-0.1123712956905365,,,0.00029399999766610563,7349.0,,,,,,0.05812789499759674,0.07465416938066483,0.05066248029470444,,
-0.04861798509955406,,,0.00029600001289509237,7399.0,,,,,,0.06493476033210754,0.07503677904605865,0.05743107944726944,,
0.018411653116345406,,,0.00029799999902024865,7449.0,,,,,,0.06455938518047333,0.07514482736587524,0.057044900953769684,,
-0.016334259882569313,,,0.0003000000142492354,7499.0,,,,,,0.05440019071102142,0.07562968134880066,0.046837225556373596,,
-0.12486203014850616,,,0.0003020000003743917,7549.0,,,,,,0.06423540413379669,0.07553689181804657,0.056681714951992035,,
-0.022560395300388336,,,0.00030399998649954796,7599.0,,,,,,0.05143438279628754,0.07435530424118042,0.043998852372169495,,
-0.05914232134819031,,,0.0003060000017285347,7649.0,,,,,,0.04909351468086243,0.07574774324893951,0.041518740355968475,,
-0.07019409537315369,,,0.000307999987853691,7699.0,,,,,,0.056516796350479126,0.07602782547473907,0.04891401529312134,,
,17.0,0.0003095998545177281,,7739,0.06100666522979736,0.06100666522979736,0.06438900530338287,0.07552556693553925,0.05683645233511925,,,,0.06087254360318184,0.06087254360318184
-0.14574408531188965,,,0.0003100000030826777,7749.0,,,,,,0.055192604660987854,0.07404747605323792,0.047787856310606,,
-0.03256601840257645,,,0.000311999989207834,7799.0,,,,,,0.06996588408946991,0.07635819911956787,0.062330059707164764,,
0.017128871753811836,,,0.00031400000443682075,7849.0,,,,,,0.06691065430641174,0.07564179599285126,0.05934647470712662,,
-0.08800315111875534,,,0.00031599999056197703,7899.0,,,,,,0.05975321680307388,0.07529144734144211,0.05222406983375549,,
-0.0223904587328434,,,0.00031800000579096377,7949.0,,,,,,0.05098810791969299,0.0752745270729065,0.0434606559574604,,
-0.054635755717754364,,,0.00031999999191612005,7999.0,,,,,,0.05890167877078056,0.07592335343360901,0.05130934342741966,,
-0.04309173300862312,,,0.0003220000071451068,8049.0,,,,,,0.05598802492022514,0.07666198909282684,0.04832182824611664,,
-0.06524381041526794,,,0.0003239999932702631,8099.0,,,,,,0.05660552531480789,0.07557979226112366,0.04904754459857941,,
-0.006614524871110916,,,0.0003260000084992498,8149.0,,,,,,0.09038197994232178,0.07540440559387207,0.08284153044223785,,
,18.0,0.00032679983996786177,,8169,0.05500100925564766,0.05500100925564766,0.06124236434698105,0.07542726397514343,0.05369963496923447,,,,0.05454995483160019,0.05454995483160019
0.04795778542757034,,,0.0003279999946244061,8199.0,,,,,,0.059409983456134796,0.07530739158391953,0.051879242062568665,,
-0.07029004395008087,,,0.00033000000985339284,8249.0,,,,,,0.05312443524599075,0.07490260899066925,0.04563417285680771,,
-0.03147183731198311,,,0.0003319999959785491,8299.0,,,,,,0.04889950156211853,0.07444686442613602,0.04145481437444687,,
-0.01507645845413208,,,0.00033400001120753586,8349.0,,,,,,0.06364808231592178,0.07592877745628357,0.05605520308017731,,
-0.04841255769133568,,,0.00033599999733269215,8399.0,,,,,,0.05543256551027298,0.07474446296691895,0.047958120703697205,,
-0.15300631523132324,,,0.0003380000125616789,8449.0,,,,,,0.0526057705283165,0.07403132319450378,0.04520264267921448,,
-0.04360126331448555,,,0.00033999999868683517,8499.0,,,,,,0.05667480081319809,0.07546129822731018,0.04912867024540901,,
-0.0436357706785202,,,0.0003420000139158219,8549.0,,,,,,0.05205889046192169,0.07464012503623962,0.04459487646818161,,
-0.0050209760665893555,,,0.0003440000000409782,8599.0,,,,,,0.05987599492073059,0.07634587585926056,0.052241407334804535,,
,19.0,0.00034399982541799545,,8599,0.05247187986969948,0.05247187986969948,0.05827905237674713,0.07529062032699585,0.050749994814395905,,,,0.053336430341005325,0.053336430341005325
-0.09229102730751038,,,0.0003459999861661345,8649.0,,,,,,0.059107013046741486,0.07424632459878922,0.051682379096746445,,
-0.029920263215899467,,,0.0003480000013951212,8699.0,,,,,,0.06142985820770264,0.0752248764038086,0.0539073683321476,,
-0.09066002815961838,,,0.0003499999875202775,8749.0,,,,,,0.051753271371126175,0.07509338855743408,0.04424393177032471,,
-0.07512703537940979,,,0.00035200000274926424,8799.0,,,,,,0.0699327290058136,0.07420527935028076,0.06251220405101776,,
-0.09912842512130737,,,0.0003539999888744205,8849.0,,,,,,0.04914037883281708,0.07499264180660248,0.04164111614227295,,
-0.0290798582136631,,,0.00035600000410340726,8899.0,,,,,,0.054602425545454025,0.07649457454681396,0.04695297032594681,,
-0.11070983856916428,,,0.00035799999022856355,8949.0,,,,,,0.047539182007312775,0.07372299581766129,0.040166884660720825,,
-0.045774586498737335,,,0.0003600000054575503,8999.0,,,,,,0.04945288971066475,0.0745115727186203,0.04200173169374466,,
,20.0,0.00036119981086812913,,9029,0.0696086660027504,0.0696086660027504,0.05580079182982445,0.07512415945529938,0.04828837513923645,,,,0.06866613775491714,0.06866613775491714
-0.06082310155034065,,,0.00036199999158270657,9049.0,,,,,,0.05007801949977875,0.07461575418710709,0.04261644184589386,,
-0.07598408311605453,,,0.0003640000068116933,9099.0,,,,,,0.07949656993150711,0.07546894252300262,0.07194967567920685,,
-0.09324513375759125,,,0.0003659999929368496,9149.0,,,,,,0.060839004814624786,0.07422159612178802,0.053416844457387924,,
-0.19264815747737885,,,0.00036800000816583633,9199.0,,,,,,0.050481438636779785,0.07591940462589264,0.04288949817419052,,
-0.05839775502681732,,,0.0003699999942909926,9249.0,,,,,,0.0536399781703949,0.07421767711639404,0.046218208968639374,,
-0.0881585031747818,,,0.00037200000951997936,9299.0,,,,,,0.05032376945018768,0.07428225874900818,0.042895540595054626,,
-0.0755583718419075,,,0.00037399999564513564,9349.0,,,,,,0.051414430141448975,0.07483478635549545,0.04393094778060913,,
-0.03813358396291733,,,0.0003760000108741224,9399.0,,,,,,0.05432318150997162,0.07512513548135757,0.04681067168712616,,
-0.153214693069458,,,0.00037799999699927866,9449.0,,,,,,0.06725183874368668,0.073824942111969,0.059869345277547836,,
,21.0,0.0003783997963182628,,9459,0.05572931468486786,0.05572931468486786,0.056415997445583344,0.07509720325469971,0.04890628159046173,,,,0.05530849099159241,0.05530849099159241
-0.058256227523088455,,,0.0003800000122282654,9499.0,,,,,,0.05041666328907013,0.07520720362663269,0.04289594292640686,,
-0.1227700486779213,,,0.0003819999983534217,9549.0,,,,,,0.051502592861652374,0.07367843389511108,0.044134750962257385,,
-0.051092326641082764,,,0.00038400001358240843,9599.0,,,,,,0.06830078363418579,0.07369464635848999,0.06093132495880127,,
-0.07773800194263458,,,0.0003859999997075647,9649.0,,,,,,0.05204348266124725,0.07479647547006607,0.04456383362412453,,
-0.13857050240039825,,,0.000387999985832721,9699.0,,,,,,0.05346591770648956,0.07415735721588135,0.04605018347501755,,
-0.09498997032642365,,,0.00039000000106170774,9749.0,,,,,,0.0620635449886322,0.07473696023225784,0.05458984896540642,,
-0.04320274293422699,,,0.000391999987186864,9799.0,,,,,,0.05711390823125839,0.07645513117313385,0.049468398094177246,,
-0.04178788140416145,,,0.00039400000241585076,9849.0,,,,,,0.05248039588332176,0.07437491416931152,0.04504290223121643,,
,22.0,0.0003955997817683965,,9889,0.04948943480849266,0.04948943480849266,0.056068822741508484,0.07504664361476898,0.048564158380031586,,,,0.049033746123313904,0.049033746123313904
-0.07160123437643051,,,0.00039599998854100704,9899.0,,,,,,0.04802351072430611,0.07477891445159912,0.040545620024204254,,
-0.012781519442796707,,,0.0003980000037699938,9949.0,,,,,,0.05818381905555725,0.07310887426137924,0.050872933119535446,,
-0.06049356609582901,,,0.00039999998989515007,9999.0,,,,,,0.04311009496450424,0.07475432008504868,0.035634659230709076,,
-0.14272785186767578,,,0.0003999889886472374,10049.0,,,,,,0.046359945088624954,0.07317505776882172,0.03904243931174278,,
-0.023453114554286003,,,0.00039997792919166386,10099.0,,,,,,0.06427303701639175,0.07558134943246841,0.05671490356326103,,
-0.0640064924955368,,,0.00039996684063225985,10149.0,,,,,,0.05548754706978798,0.07620695233345032,0.04786685109138489,,
-0.04835972934961319,,,0.00039995566476136446,10199.0,,,,,,0.06334393471479416,0.07522943615913391,0.05582099407911301,,
-0.007891224697232246,,,0.00039994443068280816,10249.0,,,,,,0.05134947970509529,0.07532143592834473,0.04381733387708664,,
-0.022547556087374687,,,0.0003999331675004214,10299.0,,,,,,0.04993429034948349,0.07513115555047989,0.04242117702960968,,
,23.0,0.00039992842357605696,,10319,0.048042722046375275,0.048042722046375275,0.05288395285606384,0.07490210980176926,0.04539373889565468,,,,0.04771072790026665,0.04771072790026665
0.025141600519418716,,,0.00039992184611037374,10349.0,,,,,,0.04971194267272949,0.07366245239973068,0.042345695197582245,,
-0.06839440017938614,,,0.0003999104374088347,10399.0,,,,,,0.06897372007369995,0.07523851096630096,0.061449870467185974,,
-0.06578509509563446,,,0.0003998989996034652,10449.0,,,,,,0.04910609498620033,0.074736088514328,0.04163248836994171,,
-0.08600807189941406,,,0.0003998875035904348,10499.0,,,,,,0.05615619197487831,0.07456545531749725,0.048699647188186646,,
-0.023135101422667503,,,0.0003998759784735739,10549.0,,,,,,0.05464126169681549,0.07551269233226776,0.047089990228414536,,
-0.0662752315402031,,,0.0003998643660452217,10599.0,,,,,,0.049117203801870346,0.07527206093072891,0.041589997708797455,,
-0.006868516094982624,,,0.00039985269540920854,10649.0,,,,,,0.0544494092464447,0.07489986717700958,0.046959422528743744,,
-0.07090825587511063,,,0.00039984099566936493,10699.0,,,,,,0.05167108029127121,0.07502691447734833,0.0441683866083622,,
-0.03528305143117905,,,0.00039982920861802995,10749.0,,,,,,0.04913986474275589,0.0749732106924057,0.04164254665374756,,
,24.0,0.0003998289757873863,,10749,0.04906778782606125,0.04906778782606125,0.05254560708999634,0.07468196749687195,0.04507741332054138,,,,0.048656098544597626,0.048656098544597626
-0.09637636691331863,,,0.0003998173924628645,10799.0,,,,,,0.06444625556468964,0.0741722583770752,0.05702902376651764,,
-0.004186645150184631,,,0.00039980551810003817,10849.0,,,,,,0.04874899983406067,0.07549023628234863,0.041199978440999985,,
-0.12658309936523438,,,0.0003997935855295509,10899.0,,,,,,0.050205767154693604,0.07397136092185974,0.04280862957239151,,
-0.02159109339118004,,,0.00039978159475140274,10949.0,,,,,,0.048773955553770065,0.0753597691655159,0.041237980127334595,,
0.01866375096142292,,,0.0003997695748694241,10999.0,,,,,,0.0593818724155426,0.07518698275089264,0.0518631711602211,,
-0.03950377553701401,,,0.0003997574676759541,11049.0,,,,,,0.05234704166650772,0.07398813217878342,0.04494822770357132,,
-0.02632743865251541,,,0.00039974533137865365,11099.0,,,,,,0.04632033407688141,0.0742570236325264,0.03889463096857071,,
-0.01994386315345764,,,0.0003997331077698618,11149.0,,,,,,0.04988855496048927,0.07417505979537964,0.04247105121612549,,
,25.0,0.0003997255116701126,,11179,0.05378258228302002,0.05378258228302002,0.05049682781100273,0.07452225685119629,0.043044596910476685,,,,0.0539136677980423,0.0539136677980423
-0.026912452653050423,,,0.00039972085505723953,11199.0,,,,,,0.053306907415390015,0.07511751353740692,0.04579515382647514,,
-0.07524275779724121,,,0.00039970854413695633,11249.0,,,,,,0.04400201141834259,0.07390397787094116,0.036611612886190414,,
-0.024590786546468735,,,0.0003996961750090122,11299.0,,,,,,0.047702133655548096,0.0737554132938385,0.04032658785581589,,
-0.07114099711179733,,,0.0003996837476734072,11349.0,,,,,,0.05054096505045891,0.07597257196903229,0.04294370859861374,,
-0.08346766978502274,,,0.00039967126213014126,11399.0,,,,,,0.05228826403617859,0.075296550989151,0.04475860670208931,,
-0.08107808977365494,,,0.00039965874748304486,11449.0,,,,,,0.0467970184981823,0.07410295307636261,0.039386723190546036,,
-0.08904820680618286,,,0.0003996461455244571,11499.0,,,,,,0.048181720077991486,0.07290738821029663,0.04089098051190376,,
-0.06895981729030609,,,0.0003996335144620389,11549.0,,,,,,0.051903583109378815,0.07588352262973785,0.04431523010134697,,
-0.07881040871143341,,,0.00039962082519195974,11599.0,,,,,,0.05071598291397095,0.07357026636600494,0.04335895925760269,,
,26.0,0.00039961800212040544,,11609,0.05107923597097397,0.05107923597097397,0.04936841130256653,0.07430475950241089,0.0419379360973835,,,,0.05063503980636597,0.05063503980636597
-0.045136380940675735,,,0.0003996080777142197,11649.0,,,,,,0.04211390018463135,0.07507231831550598,0.03460666909813881,,
-0.1116492748260498,,,0.0003995952720288187,11699.0,,,,,,0.04853816330432892,0.07349435985088348,0.04118873178958893,,
-0.04404376074671745,,,0.00039958240813575685,11749.0,,,,,,0.042187973856925964,0.07447980344295502,0.03473999351263046,,
-0.054020438343286514,,,0.00039956948603503406,11799.0,,,,,,0.044743966311216354,0.0736190527677536,0.037382062524557114,,
-0.01816260814666748,,,0.00039955650572665036,11849.0,,,,,,0.04572516679763794,0.0751875564455986,0.03820641338825226,,
-0.06890338659286499,,,0.0003995434963144362,11899.0,,,,,,0.05800893157720566,0.07575497776269913,0.050433434545993805,,
-0.023022964596748352,,,0.0003995304286945611,11949.0,,,,,,0.05295121297240257,0.07420161366462708,0.045531049370765686,,
-0.14345629513263702,,,0.0003995172737631947,11999.0,,,,,,0.04507984220981598,0.07225614786148071,0.03785422816872597,,
,27.0,0.00039950647624209523,,12039,0.047672223299741745,0.047672223299741745,0.0474969819188118,0.07422244548797607,0.04007473587989807,,,,0.04787997901439667,0.04787997901439667
-0.10985206812620163,,,0.0003995040897279978,12049.0,,,,,,0.04551040008664131,0.07437100261449814,0.03807330131530762,,
-0.039908669888973236,,,0.00039949084748513997,12099.0,,,,,,0.05792098119854927,0.07443064451217651,0.05047791451215744,,
-0.04386373609304428,,,0.00039947754703462124,12149.0,,,,,,0.040908608585596085,0.07491442561149597,0.03341716527938843,,
-0.041421759873628616,,,0.00039946421748027205,12199.0,,,,,,0.046778999269008636,0.07364365458488464,0.03941463306546211,,
-0.027592826634645462,,,0.0003994508006144315,12249.0,,,,,,0.05997446924448013,0.0750022828578949,0.0524742417037487,,
-0.04257630184292793,,,0.0003994373546447605,12299.0,,,,,,0.04153796285390854,0.07369173318147659,0.0341687873005867,,
-0.10243213176727295,,,0.0003994238213635981,12349.0,,,,,,0.0532727986574173,0.07330510020256042,0.045942287892103195,,
-0.07857254147529602,,,0.00039941025897860527,12399.0,,,,,,0.04249287396669388,0.07420001924037933,0.035072874277830124,,
-0.017985569313168526,,,0.0003993966383859515,12449.0,,,,,,0.04626426845788956,0.07382412999868393,0.03888185694813728,,
,28.0,0.00039939090493135154,,12469,0.049480266869068146,0.049480266869068146,0.04827475547790527,0.07413803786039352,0.04086095094680786,,,,0.04893694818019867,0.04893694818019867
-0.037046320736408234,,,0.00039938295958563685,12499.0,,,,,,0.04430301487445831,0.07468316704034805,0.036834701895713806,,
-0.06899571418762207,,,0.0003993692225776613,12549.0,,,,,,0.0410936176776886,0.07532815635204315,0.033560797572135925,,
-0.054045647382736206,,,0.0003993554273620248,12599.0,,,,,,0.04939102381467819,0.07473614811897278,0.041917406022548676,,
-0.09806213527917862,,,0.00039934160304255784,12649.0,,,,,,0.049350254237651825,0.07342828810214996,0.04200742766261101,,
-0.10970182716846466,,,0.0003993276914115995,12699.0,,,,,,0.044805362820625305,0.07412165403366089,0.037393197417259216,,
-0.05361811816692352,,,0.00039931375067681074,12749.0,,,,,,0.0473160594701767,0.07309731841087341,0.04000632464885712,,
-0.03395044431090355,,,0.00039929975173436105,12799.0,,,,,,0.044738128781318665,0.07345390319824219,0.03739273548126221,,
-0.08598759770393372,,,0.00039928569458425045,12849.0,,,,,,0.04754338040947914,0.07382707297801971,0.04016067460179329,,
-0.05416882410645485,,,0.00039927157922647893,12899.0,,,,,,0.047333844006061554,0.07330333441495895,0.04000351205468178,,
,29.0,0.00039927128818817437,,12899,0.04433056339621544,0.04433056339621544,0.04573497921228409,0.07391491532325745,0.03834348917007446,,,,0.04415985941886902,0.04415985941886902
-0.028508733958005905,,,0.0003992574056610465,12949.0,,,,,,0.04958373308181763,0.07477277517318726,0.04210645705461502,,
-0.05722581595182419,,,0.00039924317388795316,12999.0,,,,,,0.03941028565168381,0.0734189823269844,0.03206838667392731,,
-0.0600089430809021,,,0.00039922891301102936,13049.0,,,,,,0.03767945244908333,0.07396365702152252,0.030283086001873016,,
0.025362443178892136,,,0.0003992145648226142,13099.0,,,,,,0.04376327246427536,0.07399962842464447,0.036363307386636734,,
-0.09035030007362366,,,0.00039920018753036857,13149.0,,,,,,0.042805902659893036,0.07513666152954102,0.035292237997055054,,
-0.05507538467645645,,,0.000399185752030462,13199.0,,,,,,0.047671861946582794,0.07352162897586823,0.04031969606876373,,
-0.048379577696323395,,,0.0003991712583228946,13249.0,,,,,,0.045321397483348846,0.07440632581710815,0.03788076341152191,,
-0.08353102952241898,,,0.0003991567064076662,13299.0,,,,,,0.046521738171577454,0.07290766388177872,0.03923097252845764,,
,30.0,0.00039914765511639416,,13329,0.052271097898483276,0.052271097898483276,0.044085025787353516,0.0737849771976471,0.03670652583241463,,,,0.05225260928273201,0.05225260928273201
-0.1295858919620514,,,0.0003991420962847769,13349.0,,,,,,0.04459396377205849,0.0741051435470581,0.03718344867229462,,
-0.09251222014427185,,,0.00039912742795422673,13399.0,,,,,,0.04277432709932327,0.07365810871124268,0.035408519208431244,,
-0.0549522340297699,,,0.0003991127305198461,13449.0,,,,,,0.045349642634391785,0.07479771971702576,0.03786987066268921,,
0.01800219900906086,,,0.00039909794577397406,13499.0,,,,,,0.045582156628370285,0.07297687977552414,0.03828446939587593,,
-0.13814690709114075,,,0.0003990831319242716,13549.0,,,,,,0.03806988522410393,0.07432562112808228,0.03063732385635376,,
-0.04343753308057785,,,0.0003990682598669082,13599.0,,,,,,0.04236869513988495,0.07336433231830597,0.03503226488828659,,
-0.09229579567909241,,,0.0003990533296018839,13649.0,,,,,,0.04326312243938446,0.0732041597366333,0.03594270721077919,,
-0.09196959435939789,,,0.00039903834112919867,13699.0,,,,,,0.03931961581110954,0.07227784395217896,0.032091833651065826,,
-0.004754701629281044,,,0.00039902329444885254,13749.0,,,,,,0.04369422793388367,0.07264654338359833,0.036429572850465775,,
,31.0,0.00039901997661218047,,13759,0.043739382177591324,0.043739382177591324,0.04444552958011627,0.07369747757911682,0.03707578033208847,,,,0.04376713186502457,0.04376713186502457
-0.05646660551428795,,,0.00039900821866467595,13799.0,,,,,,0.04669719561934471,0.07283154129981995,0.03941404074430466,,
4.6251341700553894e-05,,,0.000398993055569008,13849.0,,,,,,0.04048880189657211,0.07406175136566162,0.03308262676000595,,
-0.03668709844350815,,,0.0003989778633695096,13899.0,,,,,,0.042417608201503754,0.0732695609331131,0.035090651363134384,,
-0.06382343918085098,,,0.00039896261296235025,13949.0,,,,,,0.03907812014222145,0.07370361685752869,0.0317077562212944,,
-0.16692905128002167,,,0.00039894730434753,13999.0,,,,,,0.05757584050297737,0.07358625531196594,0.05021721497178078,,
-0.028916819021105766,,,0.00039893193752504885,14049.0,,,,,,0.04090867191553116,0.0736386701464653,0.03354480117559433,,
-0.0447000116109848,,,0.0003989165124949068,14099.0,,,,,,0.04395068436861038,0.07341855764389038,0.03660883009433746,,
-0.013293479569256306,,,0.0003989010292571038,14149.0,,,,,,0.040508709847927094,0.07409201562404633,0.03309950977563858,,
,32.0,0.0003988883108831942,,14189,0.042629726231098175,0.042629726231098175,0.04437277466058731,0.07369479537010193,0.037003293633461,,,,0.04249253869056702,0.04249253869056702
-0.09839320182800293,,,0.0003988854878116399,14199.0,,,,,,0.04466461390256882,0.07348142564296722,0.037316471338272095,,
-0.09652268886566162,,,0.00039886991726234555,14249.0,,,,,,0.05288221687078476,0.07319087535142899,0.04556312784552574,,
-0.038780488073825836,,,0.0003988542885053903,14299.0,,,,,,0.049522627145051956,0.07355567067861557,0.0421670600771904,,
-0.07199165970087051,,,0.0003988386015407741,14349.0,,,,,,0.03622782975435257,0.07326913625001907,0.02890091761946678,,
-0.07251796871423721,,,0.000398822856368497,14399.0,,,,,,0.037880510091781616,0.0737316757440567,0.030507341027259827,,
0.014488080516457558,,,0.000398807052988559,14449.0,,,,,,0.0453169047832489,0.07303840667009354,0.03801306337118149,,
-0.05319058150053024,,,0.0003987911914009601,14499.0,,,,,,0.03812050819396973,0.07268042862415314,0.030852466821670532,,
-0.09974929690361023,,,0.00039877527160570025,14549.0,,,,,,0.03970830515027046,0.07247348129749298,0.032460957765579224,,
-0.061316460371017456,,,0.00039875932270660996,14599.0,,,,,,0.037960171699523926,0.07257060706615448,0.030703112483024597,,
,33.0,0.00039875259972177446,,14619,0.04423673450946808,0.04423673450946808,0.04180537164211273,0.07330871373414993,0.03447449952363968,,,,0.04462037980556488,0.04462037980556488
-0.1151805967092514,,,0.0003987432864960283,14649.0,,,,,,0.040330953896045685,0.07351863384246826,0.0329790934920311,,
-0.05174187570810318,,,0.0003987272211816162,14699.0,,,,,,0.038897447288036346,0.07188375294208527,0.03170907497406006,,
0.011397043243050575,,,0.00039871109765954316,14749.0,,,,,,0.04148487001657486,0.07264722883701324,0.034220144152641296,,
-0.07075133174657822,,,0.0003986949159298092,14799.0,,,,,,0.0408509261906147,0.0729685127735138,0.0335540771484375,,
-0.05452120304107666,,,0.00039867867599241436,14849.0,,,,,,0.04505476355552673,0.07287938892841339,0.037766821682453156,,
-0.12246119976043701,,,0.0003986623778473586,14899.0,,,,,,0.04338845610618591,0.07361255586147308,0.036027200520038605,,
-0.10267765820026398,,,0.00039864605059847236,14949.0,,,,,,0.03784804046154022,0.07384519279003143,0.030463524162769318,,
-0.0847703143954277,,,0.00039862963603809476,14999.0,,,,,,0.03841961920261383,0.07407541573047638,0.03101208060979843,,
-0.07186639308929443,,,0.0003986131923738867,15049.0,,,,,,0.03836406022310257,0.07341764867305756,0.031022295355796814,,
,34.0,0.0003986128722317517,,15049,0.04530312865972519,0.04530312865972519,0.04273584857583046,0.07334263622760773,0.03540158271789551,,,,0.04575571417808533,0.04575571417808533
-0.07123604416847229,,,0.00039859669050201774,15099.0,,,,,,0.03414085507392883,0.07358680665493011,0.02678217552602291,,
-0.0768684595823288,,,0.00039858013042248785,15149.0,,,,,,0.0374121367931366,0.07210224121809006,0.03020191378891468,,
-0.08474432677030563,,,0.00039856351213529706,15199.0,,,,,,0.03341987356543541,0.0729273185133934,0.02612714096903801,,
-0.0930451974272728,,,0.00039854683564044535,15249.0,,,,,,0.041530728340148926,0.07322841882705688,0.03420788422226906,,
0.006325079128146172,,,0.00039853010093793273,15299.0,,,,,,0.0405292809009552,0.07344765961170197,0.03318451717495918,,
-0.054614774882793427,,,0.00039851333713158965,15349.0,,,,,,0.050603508949279785,0.07322201132774353,0.04328130558133125,,
-0.06965914368629456,,,0.00039849651511758566,15399.0,,,,,,0.04975453019142151,0.07370810210704803,0.042383722960948944,,
-0.1275828629732132,,,0.0003984796057920903,15449.0,,,,,,0.03685091435909271,0.07257841527462006,0.02959306910634041,,
,35.0,0.00039846912841312587,,15479,0.04087838903069496,0.04087838903069496,0.04029031842947006,0.07316603511571884,0.03297371789813042,,,,0.040732137858867645,0.040732137858867645
-0.06827231496572495,,,0.0003984626673627645,15499.0,,,,,,0.041766807436943054,0.07346311211585999,0.034420497715473175,,
-0.005711076781153679,,,0.00039844567072577775,15549.0,,,,,,0.03839903324842453,0.07392284274101257,0.031006745994091034,,
-0.0881289467215538,,,0.0003984286158811301,15599.0,,,,,,0.03976722061634064,0.07184424996376038,0.03258279338479042,,
-0.045185983180999756,,,0.000398411531932652,15649.0,,,,,,0.03585755452513695,0.07313373684883118,0.02854418195784092,,
-0.05507616326212883,,,0.0003983943606726825,15699.0,,,,,,0.03646378964185715,0.07394397258758545,0.02906939387321472,,
-0.07558278739452362,,,0.0003983771603088826,15749.0,,,,,,0.03629714995622635,0.07341735064983368,0.02895541489124298,,
-0.11491292715072632,,,0.0003983598726335913,15799.0,,,,,,0.05026862025260925,0.07312450557947159,0.042956165969371796,,
-0.027720987796783447,,,0.00039834255585446954,15849.0,,,,,,0.037308745086193085,0.07423326373100281,0.029885418713092804,,
0.03226480260491371,,,0.00039832518086768687,15899.0,,,,,,0.04531961306929588,0.07253114879131317,0.038066498935222626,,
,36.0,0.00039832136826589704,,15909,0.0458701029419899,0.0458701029419899,0.039368465542793274,0.07303240150213242,0.03206522762775421,,,,0.04605371505022049,0.04605371505022049
-0.09285502135753632,,,0.0003983077476732433,15949.0,,,,,,0.03896888718008995,0.07228952646255493,0.03173993527889252,,
0.006998726166784763,,,0.00039829028537496924,15999.0,,,,,,0.037138089537620544,0.07351385802030563,0.02978670597076416,,
-0.011739850044250488,,,0.00039827273576520383,16049.0,,,,,,0.050296660512685776,0.07316505908966064,0.04298015683889389,,
-0.0919545367360115,,,0.00039825515705160797,16099.0,,,,,,0.04710327833890915,0.0718347504734993,0.03991980478167534,,
0.004350283183157444,,,0.00039823749102652073,16149.0,,,,,,0.0400376059114933,0.07275150716304779,0.03276245668530464,,
-0.03981587290763855,,,0.00039821979589760303,16199.0,,,,,,0.03840400278568268,0.07225723564624786,0.03117828071117401,,
-0.08836273849010468,,,0.00039820204256102443,16249.0,,,,,,0.04118144512176514,0.07150831818580627,0.03403061255812645,,
-0.07759001851081848,,,0.0003981842310167849,16299.0,,,,,,0.03648092597723007,0.07273535430431366,0.029207393527030945,,
,37.0,0.00039816959179006517,,16339,0.04528600722551346,0.04528600722551346,0.04004522040486336,0.07297926396131516,0.0327472984790802,,,,0.045197777450084686,0.045197777450084686
-0.12045961618423462,,,0.00039816636126488447,16349.0,,,,,,0.03807312622666359,0.07258450984954834,0.030814673751592636,,
-0.053308021277189255,,,0.0003981484624091536,16399.0,,,,,,0.03862565755844116,0.07287226617336273,0.03133842721581459,,
-0.07852475345134735,,,0.0003981304762419313,16449.0,,,,,,0.04876844584941864,0.07293885946273804,0.041474562138319016,,
-0.10538361966609955,,,0.0003981124609708786,16499.0,,,,,,0.03573242947459221,0.07322687655687332,0.028409741818904877,,
-0.0724136009812355,,,0.00039809438749216497,16549.0,,,,,,0.039561428129673004,0.07223015278577805,0.03233841434121132,,
-0.07123489677906036,,,0.0003980762558057904,16599.0,,,,,,0.03591763228178024,0.07257260382175446,0.028660371899604797,,
0.04817536473274231,,,0.00039805806591175497,16649.0,,,,,,0.03638807684183121,0.07325014472007751,0.029063064604997635,,
-0.07801149040460587,,,0.0003980398178100586,16699.0,,,,,,0.04146198183298111,0.06997241079807281,0.03446473926305771,,
-0.06692703813314438,,,0.0003980215115007013,16749.0,,,,,,0.03426438570022583,0.07227174937725067,0.02703721448779106,,
,38.0,0.00039801382808946073,,16769,0.04075218737125397,0.04075218737125397,0.0388605110347271,0.07284924387931824,0.03157559037208557,,,,0.04081688076257706,0.04081688076257706
-0.05472339689731598,,,0.00039800317608751357,16799.0,,,,,,0.03713778406381607,0.0719984695315361,0.02993793785572052,,
-0.1071823239326477,,,0.00039798475336283445,16849.0,,,,,,0.04639294371008873,0.07262687385082245,0.039130255579948425,,
0.023445945233106613,,,0.0003979663015343249,16899.0,,,,,,0.04106910899281502,0.07286173105239868,0.03378293663263321,,
-0.20033061504364014,,,0.0003979477914981544,16949.0,,,,,,0.039194583892822266,0.0725393071770668,0.031940653920173645,,
-0.030762944370508194,,,0.000397929223254323,16999.0,,,,,,0.03293674439191818,0.07284218817949295,0.025652525946497917,,
-0.11313939094543457,,,0.0003979105968028307,17049.0,,,,,,0.034763939678668976,0.07237835973501205,0.02752610482275486,,
-0.021975338459014893,,,0.00039789194124750793,17099.0,,,,,,0.05245182663202286,0.07262564450502396,0.0451892614364624,,
-0.0869896337389946,,,0.0003978731983806938,17149.0,,,,,,0.0418664924800396,0.0720624029636383,0.03466024994850159,,
-0.09906791150569916,,,0.0003978544264100492,17199.0,,,,,,0.036436621099710464,0.07208274304866791,0.029228346422314644,,
,39.0,0.00039785404806025326,,17199,0.038186073303222656,0.038186073303222656,0.03794584423303604,0.07266557961702347,0.030679289251565933,,,,0.03781745210289955,0.03781745210289955
-0.05067838355898857,,,0.00039783556712791324,17249.0,,,,,,0.036154747009277344,0.07327785342931747,0.028826959431171417,,
-0.08565182983875275,,,0.0003978166787419468,17299.0,,,,,,0.03143161162734032,0.07109034061431885,0.024322576820850372,,
-0.054853275418281555,,,0.0003977977321483195,17349.0,,,,,,0.03364332765340805,0.07260195910930634,0.026383131742477417,,
-0.08275164663791656,,,0.00039777872734703124,17399.0,,,,,,0.035465337336063385,0.07133237272500992,0.028332101181149483,,
-0.10065196454524994,,,0.00039775969344191253,17449.0,,,,,,0.03742717206478119,0.0727086067199707,0.03015631064772606,,
-0.011642562225461006,,,0.00039774057222530246,17499.0,,,,,,0.03622693568468094,0.07373669743537903,0.028853267431259155,,
-0.09989923238754272,,,0.0003977214219048619,17549.0,,,,,,0.03847693279385567,0.0725727379322052,0.031219659373164177,,
-0.03355234116315842,,,0.0003977022133767605,17599.0,,,,,,0.03825157508254051,0.07315057516098022,0.03093651868402958,,
,40.0,0.00039769025170244277,,17629,0.03994270786643028,0.03994270786643028,0.03695295378565788,0.07253693789243698,0.029699262231588364,,,,0.039459217339754105,0.039459217339754105
-0.1527608335018158,,,0.00039768291753716767,17649.0,,,,,,0.037506796419620514,0.0746358260512352,0.030043216422200203,,
-0.05223238468170166,,,0.0003976635925937444,17699.0,,,,,,0.03599157929420471,0.07170001417398453,0.02882157638669014,,
-0.028488747775554657,,,0.00039764423854649067,17749.0,,,,,,0.03476352244615555,0.07145494222640991,0.027618026360869408,,
-0.12988385558128357,,,0.00039762479718774557,17799.0,,,,,,0.03381669893860817,0.07262926548719406,0.026553772389888763,,
0.007262979634106159,,,0.00039760529762133956,17849.0,,,,,,0.03367675468325615,0.07267127931118011,0.026409626007080078,,
0.052368368953466415,,,0.0003975857689511031,17899.0,,,,,,0.033595792949199677,0.07268297672271729,0.026327496394515038,,
-0.07601769268512726,,,0.0003975661820732057,17949.0,,,,,,0.03527472913265228,0.07204535603523254,0.02807019278407097,,
-0.11832360923290253,,,0.0003975465369876474,17999.0,,,,,,0.038795337080955505,0.07269814610481262,0.03152552247047424,,
-0.10259994864463806,,,0.0003975268336944282,18049.0,,,,,,0.03388376533985138,0.07324017584323883,0.026559745892882347,,
,41.0,0.0003975224681198597,,18059,0.037538133561611176,0.037538133561611176,0.03684931993484497,0.07245652377605438,0.029603667557239532,,,,0.03731316700577736,0.03731316700577736
-0.006908408831804991,,,0.0003975070721935481,18099.0,,,,,,0.036237701773643494,0.0711883157491684,0.029118871316313744,,
-0.08836440742015839,,,0.00039748725248500705,18149.0,,,,,,0.03389833867549896,0.07365491986274719,0.026532843708992004,,
-0.12314552068710327,,,0.00039746740367263556,18199.0,,,,,,0.03975876420736313,0.07246708124876022,0.032512061297893524,,
-0.05215563625097275,,,0.0003974474675487727,18249.0,,,,,,0.03497735783457756,0.07300996780395508,0.027676362544298172,,
-0.09702758491039276,,,0.0003974275023210794,18299.0,,,,,,0.047766782343387604,0.0716596394777298,0.040600817650556564,,
-0.09410908818244934,,,0.00039740747888572514,18349.0,,,,,,0.03799319267272949,0.07182542234659195,0.030810648575425148,,
-0.1092434674501419,,,0.00039738739724271,18399.0,,,,,,0.040346428751945496,0.07267309725284576,0.0330791175365448,,
-0.001472829608246684,,,0.00039736725739203393,18449.0,,,,,,0.038491830229759216,0.0722774863243103,0.031264081597328186,,
,42.0,0.00039735069731250405,,18489,0.040359482169151306,0.040359482169151306,0.03632543981075287,0.07231966406106949,0.02909347601234913,,,,0.04041489213705063,0.04041489213705063
-0.050379008054733276,,,0.00039734705933369696,18499.0,,,,,,0.03510577231645584,0.07364396005868912,0.02774137444794178,,
-0.08702991902828217,,,0.00039732683217152953,18549.0,,,,,,0.036010272800922394,0.07324112951755524,0.02868615835905075,,
-0.030711594969034195,,,0.0003973065468017012,18599.0,,,,,,0.03567957878112793,0.0734059065580368,0.028338991105556488,,
-0.018369494006037712,,,0.0003972861741203815,18649.0,,,,,,0.030308913439512253,0.07223154604434967,0.023085758090019226,,
-0.03138840198516846,,,0.0003972657723352313,18699.0,,,,,,0.03746522217988968,0.07043491303920746,0.030421730130910873,,
-0.04940534383058548,,,0.0003972453123424202,18749.0,,,,,,0.03480398654937744,0.07132793217897415,0.027671193704009056,,
-0.042920224368572235,,,0.0003972248232457787,18799.0,,,,,,0.03619058430194855,0.07170457392930984,0.029020126909017563,,
-0.07404783368110657,,,0.00039720424683764577,18849.0,,,,,,0.03249207139015198,0.07196414470672607,0.02529565803706646,,
-0.058724015951156616,,,0.00039718361222185194,18899.0,,,,,,0.03766045719385147,0.07176102697849274,0.030484355986118317,,
,43.0,0.00039717493928037584,,18919,0.038787368685007095,0.038787368685007095,0.03564318269491196,0.07229102402925491,0.028414081782102585,,,,0.03933814913034439,0.03933814913034439
0.0055958591401577,,,0.00039716294850222766,18949.0,,,,,,0.040613848716020584,0.07180856168270111,0.033432990312576294,,
-0.048597805202007294,,,0.00039714222657494247,18999.0,,,,,,0.031508542597293854,0.07351699471473694,0.0241568461060524,,
0.01608511060476303,,,0.00039712144643999636,19049.0,,,,,,0.03358694538474083,0.0721757784485817,0.0263693667948246,,
-0.06853466480970383,,,0.00039710060809738934,19099.0,,,,,,0.03388900309801102,0.07247798144817352,0.026641204953193665,,
-0.06624633818864822,,,0.0003970797115471214,19149.0,,,,,,0.030107319355010986,0.07243925333023071,0.022863395512104034,,
-0.11144208163022995,,,0.000397058785893023,19199.0,,,,,,0.0466805025935173,0.07160946726799011,0.03951955586671829,,
-0.07701600342988968,,,0.00039703777292743325,19249.0,,,,,,0.04062590003013611,0.0731588676571846,0.03331001102924347,,
-0.11127853393554688,,,0.00039701673085801303,19299.0,,,,,,0.03653344139456749,0.07340340316295624,0.029193099588155746,,
-0.14111386239528656,,,0.0003969956305809319,19349.0,,,,,,0.04181532561779022,0.07238341867923737,0.034576982259750366,,
,44.0,0.00039699519402347505,,19349,0.03644537925720215,0.03644537925720215,0.03502436354756355,0.07221274822950363,0.02780308574438095,,,,0.03577839583158493,0.03577839583158493
-0.06952281296253204,,,0.00039697447209618986,19399.0,,,,,,0.03435775265097618,0.07255305349826813,0.027102448046207428,,
-0.024982845410704613,,,0.0003969532554037869,19449.0,,,,,,0.030766667798161507,0.07100130617618561,0.023666538298130035,,
-0.004264546558260918,,,0.000396931980503723,19499.0,,,,,,0.03762362152338028,0.07302384078502655,0.030321234837174416,,
-0.07700283080339432,,,0.0003969106764998287,19549.0,,,,,,0.032686080783605576,0.07154740393161774,0.025531340390443802,,
-0.0729939341545105,,,0.000396889285184443,19599.0,,,,,,0.034247856587171555,0.07188670337200165,0.02705918624997139,,
-0.003338184207677841,,,0.00039686786476522684,19649.0,,,,,,0.035544734448194504,0.07369367778301239,0.028175368905067444,,
-0.09010637551546097,,,0.00039684638613834977,19699.0,,,,,,0.03577565401792526,0.07125687599182129,0.028649967163801193,,
-0.03763782978057861,,,0.0003968248493038118,19749.0,,,,,,0.03281715139746666,0.07146961987018585,0.025670189410448074,,
,45.0,0.0003968114615418017,,19779,0.03665544465184212,0.03665544465184212,0.03525136783719063,0.07209610939025879,0.028041759505867958,,,,0.03657327592372894,0.03657327592372894
-0.06552714109420776,,,0.0003968032542616129,19799.0,,,,,,0.030423808842897415,0.07122941315174103,0.02330086939036846,,
-0.020250709727406502,,,0.00039678163011558354,19849.0,,,,,,0.04064692184329033,0.07176940143108368,0.03346998244524002,,
-0.03096645139157772,,,0.0003967599186580628,19899.0,,,,,,0.03237312287092209,0.07136813551187515,0.025236308574676514,,
-0.06674399226903915,,,0.00039673817809671164,19949.0,,,,,,0.03562550991773605,0.07060559839010239,0.028564948588609695,,
-0.07216781377792358,,,0.00039671637932769954,19999.0,,,,,,0.030580725520849228,0.0712914764881134,0.023451577872037888,,
-0.08664533495903015,,,0.0003966944932471961,20049.0,,,,,,0.032337598502635956,0.07178406417369843,0.025159193202853203,,
-0.07613854110240936,,,0.0003966726071666926,20099.0,,,,,,0.03376128524541855,0.07264693826436996,0.02649659290909767,,
-0.005672588013112545,,,0.0003966506337746978,20149.0,,,,,,0.03569214046001434,0.07178930938243866,0.028513208031654358,,
-0.12159940600395203,,,0.00039662860217504203,20199.0,,,,,,0.033977579325437546,0.07320678234100342,0.026656899601221085,,
,46.0,0.0003966237709391862,,20209,0.04559284448623657,0.04559284448623657,0.03426312282681465,0.07193674147129059,0.027069449424743652,,,,0.04584091901779175,0.04584091901779175
0.025564752519130707,,,0.00039660654147155583,20249.0,,,,,,0.033142320811748505,0.07165666669607162,0.025976650416851044,,
-0.06076645478606224,,,0.0003965844225604087,20299.0,,,,,,0.041185639798641205,0.07263123989105225,0.03392251580953598,,
-0.011388919316232204,,,0.0003965622163377702,20349.0,,,,,,0.04094493016600609,0.072257399559021,0.03371918946504593,,
-0.12107706069946289,,,0.0003965399810113013,20399.0,,,,,,0.03307870030403137,0.07187290489673615,0.025891412049531937,,
-0.01874338835477829,,,0.0003965177165810019,20449.0,,,,,,0.03546639159321785,0.07199351489543915,0.028267038986086845,,
-0.11202026158571243,,,0.0003964953648392111,20499.0,,,,,,0.03199220448732376,0.07134260982275009,0.02485794387757778,,
-0.07315406203269958,,,0.0003964729839935899,20549.0,,,,,,0.0379282645881176,0.07179804146289825,0.030748460441827774,,
-0.05608799681067467,,,0.0003964505158364773,20599.0,,,,,,0.03757195174694061,0.07202397286891937,0.030369555577635765,,
,47.0,0.0003964320640079677,,20639,0.03397875279188156,0.03397875279188156,0.0350366085767746,0.07192789763212204,0.027843816205859184,,,,0.03408028930425644,0.03408028930425644
0.011950481683015823,,,0.0003964280185755342,20649.0,,,,,,0.029811855405569077,0.07133015990257263,0.022678840905427933,,
-0.1487756371498108,,,0.00039640546310693026,20699.0,,,,,,0.032952696084976196,0.07214732468128204,0.025737961754202843,,
-0.08952605724334717,,,0.0003963828494306654,20749.0,,,,,,0.03010140359401703,0.07069648802280426,0.023031756281852722,,
-0.024346623569726944,,,0.0003963601775467396,20799.0,,,,,,0.03309042751789093,0.07092781364917755,0.025997644290328026,,
-0.01969126984477043,,,0.0003963374765589833,20849.0,,,,,,0.033461496233940125,0.07312704622745514,0.02614879049360752,,
-0.04818199574947357,,,0.0003963146882597357,20899.0,,,,,,0.030858371406793594,0.07186248898506165,0.02367212064564228,,
-0.043740250170230865,,,0.0003962918708566576,20949.0,,,,,,0.03392966836690903,0.07109642773866653,0.026820024475455284,,
-0.02109450288116932,,,0.00039626899524591863,20999.0,,,,,,0.048442497849464417,0.07147552073001862,0.041294947266578674,,
-0.12279987335205078,,,0.0003962460614275187,21049.0,,,,,,0.03243811056017876,0.07123073935508728,0.025315038859844208,,
,48.0,0.00039623642805963755,,21069,0.03796999156475067,0.03796999156475067,0.03410133719444275,0.07186262309551239,0.026915069669485092,,,,0.03848417475819588,0.03848417475819588
-0.019119979813694954,,,0.0003962230694014579,21099.0,,,,,,0.03246559575200081,0.07154934853315353,0.025310659781098366,,
-0.006036562845110893,,,0.00039620004827156663,21149.0,,,,,,0.035541098564863205,0.07375521212816238,0.028165578842163086,,
-0.05290178582072258,,,0.000396176939830184,21199.0,,,,,,0.03519986569881439,0.07065493613481522,0.02813437022268772,,
0.0003839973360300064,,,0.0003961538022849709,21249.0,,,,,,0.030159909278154373,0.07099953293800354,0.02305995486676693,,
-0.06383421272039413,,,0.00039613060653209686,21299.0,,,,,,0.030120357871055603,0.0720880776643753,0.022911548614501953,,
-0.0028706463053822517,,,0.00039610735257156193,21349.0,,,,,,0.036627743393182755,0.0731007307767868,0.029317669570446014,,
-0.07328854501247406,,,0.0003960840404033661,21399.0,,,,,,0.03951146826148033,0.07184284925460815,0.032327182590961456,,
-0.05862579867243767,,,0.00039606067002750933,21449.0,,,,,,0.03132614120841026,0.07133603096008301,0.024192538112401962,,
-0.07677989453077316,,,0.0003960372705478221,21499.0,,,,,,0.031449928879737854,0.07200127094984055,0.02424979954957962,,
,49.0,0.00039603677578270435,,21499,0.03792212903499603,0.03792212903499603,0.03338390588760376,0.07173065841197968,0.026210840791463852,,,,0.03812212869524956,0.03812212869524956
